user,avg_login_hour,std_login_hour,unique_countries,unique_devices,failed_login_rate,resource_entropy,is_attack
user1@example.com,7.023255813953488,1.2999701845119969,2,2,0.0,1.7808650169266853,1
user2@example.com,8.261904761904763,0.9122345603777043,1,1,0.0,1.7341427041940483,0
user3@example.com,6.9523809523809526,0.9358022761866656,1,1,0.0714285714285714,1.7108967775314152,0
user4@example.com,17.023255813953487,2.8156735817056986,1,1,0.046511627906976716,1.7087591184215176,1
user5@example.com,12.095238095238095,0.957881906503113,1,1,0.04761904761904767,1.7503235648412292,0
user6@example.com,7.404761904761905,0.989198340355531,1,1,0.023809523809523836,1.7277004040857427,0
user7@example.com,17.142857142857142,0.7513054840167135,1,1,0.0,1.714710868115832,0
user8@example.com,16.952380952380953,0.730932613502775,1,1,0.0,1.7493207219296756,0
